Soggetto,Predicato,Oggetto
"Giovanni Mauro Bullo","haTipo","Persona"
"Giovanni Mauro Bullo","titolo","Patrizio di Chioggia"
"Caterina Morosini","haTipo","Persona"
"Caterina Morosini","titolo","Patrizia Veneziana"
"Giovanni Mauro Bullo","coniuge","Caterina Morosini"
"Livia Maria Contessa Bullo","haTipo","Persona"
"Livia Maria Contessa Bullo","titolo","Contessa"
"Livia Maria Contessa Bullo","annoDiNascita","1812"
"Livia Maria Contessa Bullo","annoDiMorte","1859"
"Livia Maria Contessa Bullo","padre","Giovanni Mauro Bullo"
"Livia Maria Contessa Bullo","madre","Caterina Morosini"
"Leopold Klette","haTipo","Persona"
"Anna von Ritter","haTipo","Persona"
"Leopold Klette","coniuge","Anna von Ritter"
"Dr. Leopold Franz Vinzenz Klette","haTipo","Persona"
"Dr. Leopold Franz Vinzenz Klette","professione","Consigliere dei Conti Imperiale"
"Dr. Leopold Franz Vinzenz Klette","annoDiNascita","1803"
"Dr. Leopold Franz Vinzenz Klette","annoDiMorte","1881"
"Dr. Leopold Franz Vinzenz Klette","padre","Leopold Klette"
"Dr. Leopold Franz Vinzenz Klette","madre","Anna von Ritter"
"Dr. Leopold Franz Vinzenz Klette","coniuge","Livia Maria Contessa Bullo"
"Franz Leopold Zeno Klette","haTipo","Persona"
"Franz Leopold Zeno Klette","professione","i.r. Amministratore doganale"
"Franz Leopold Zeno Klette","annoDiNascita","1844"
"Franz Leopold Zeno Klette","padre","Dr. Leopold Franz Vinzenz Klette"
"Franz Leopold Zeno Klette","madre","Livia Maria Contessa Bullo"
"Joseph Koschutta","haTipo","Persona"
"Josephine Glergh","haTipo","Persona"
"Joseph Koschutta","coniuge","Josephine Glergh"
"Marianna Koschutta","haTipo","Persona"
"Marianna Koschutta","padre","Joseph Koschutta"
"Marianna Koschutta","madre","Josephine Glergh"
"Dr. Leopold Franz Vinzenz Klette","coniuge","Marianna Koschutta"
"Anna Maria Klette","haTipo","Persona"
"Anna Maria Klette","titolo","Madre Anna Maria - Orsolina"
"Anna Maria Klette","annoDiNascita","1862"
"Anna Maria Klette","annoDiMorte","1909"
"Anna Maria Klette","padre","Dr. Leopold Franz Vinzenz Klette"
"Anna Maria Klette","madre","Marianna Koschutta"
"Carolina Maria Virginia Klette","haTipo","Persona"
"Carolina Maria Virginia Klette","titolo","Suor Maria Antonia - Orsolina"
"Carolina Maria Virginia Klette","annoDiNascita","1863"
"Carolina Maria Virginia Klette","annoDiMorte","1885"
"Carolina Maria Virginia Klette","padre","Dr. Leopold Franz Vinzenz Klette"
"Carolina Maria Virginia Klette","madre","Marianna Koschutta"
"Giuseppe Jellersig (Padre)","haTipo","Persona"
"Maria (Moglie di Giuseppe Padre)","haTipo","Persona"
"Giuseppe Jellersig (Padre)","coniuge","Maria (Moglie di Giuseppe Padre)"
"Giuseppe Jellersig (Ielersig)","haTipo","Persona"
"Giuseppe Jellersig (Ielersig)","professione","Facchino a Trieste"
"Giuseppe Jellersig (Ielersig)","annoDiNascita","1800"
"Giuseppe Jellersig (Ielersig)","luogoDiNascita","Gorizia"
"Giuseppe Jellersig (Ielersig)","padre","Giuseppe Jellersig (Padre)"
"Giuseppe Jellersig (Ielersig)","madre","Maria (Moglie di Giuseppe Padre)"
"Maria (Moglie di Giuseppe Ielersig)","haTipo","Persona"
"Giuseppe Jellersig (Ielersig)","coniuge","Maria (Moglie di Giuseppe Ielersig)"
"Carolina Jellersig","haTipo","Persona"
"Carolina Jellersig","annoDiNascita","1836"
"Carolina Jellersig","luogoDiNascita","Gorizia"
"Carolina Jellersig","luogoDiResidenza","Trieste"
"Carolina Jellersig","padre","Giuseppe Jellersig (Ielersig)"
"Carolina Jellersig","madre","Maria (Moglie di Giuseppe Ielersig)"
"Francesco Jellersig (Orefice)","haTipo","Persona"
"Francesco Jellersig (Orefice)","professione","Maestro Orefice"
"Francesco Jellersig (Orefice)","annoDiNascita","1813"
"Francesco Jellersig (Orefice)","luogoDiNascita","Gorizia"
"Francesco Jellersig (Orefice)","padre","Giuseppe Jellersig (Padre)"
"Francesco Jellersig (Orefice)","madre","Maria (Moglie di Giuseppe Padre)"
"Vincenzo Simpli","haTipo","Persona"
"Anna (Moglie di Vincenzo)","haTipo","Persona"
"Vincenzo Simpli","coniuge","Anna (Moglie di Vincenzo)"
"Francesca Simpli","haTipo","Persona"
"Francesca Simpli","annoDiNascita","1819"
"Francesca Simpli","luogoDiNascita","Cormons"
"Francesca Simpli","padre","Vincenzo Simpli"
"Francesca Simpli","madre","Anna (Moglie di Vincenzo)"
"Francesco Jellersig (Orefice)","coniuge","Francesca Simpli"
"Teresia Jellersig","haTipo","Persona"
"Teresia Jellersig","annoDiNascita","1842"
"Teresia Jellersig","padre","Francesco Jellersig (Orefice)"
"Teresia Jellersig","madre","Francesca Simpli"
"Anna Jellersig","haTipo","Persona"
"Anna Jellersig","annoDiNascita","1843"
"Anna Jellersig","padre","Francesco Jellersig (Orefice)"
"Anna Jellersig","madre","Francesca Simpli"
"Francesca Gioseffa Jellersig","haTipo","Persona"
"Francesca Gioseffa Jellersig","dataDiNascita","1846-06-01"
"Francesca Gioseffa Jellersig","luogoDiNascita","Gorizia"
"Francesca Gioseffa Jellersig","padre","Francesco Jellersig (Orefice)"
"Francesca Gioseffa Jellersig","madre","Francesca Simpli"
"Antonio Jellersig","haTipo","Persona"
"Antonio Jellersig","annoDiNascita","1848"
"Antonio Jellersig","padre","Francesco Jellersig (Orefice)"
"Antonio Jellersig","madre","Francesca Simpli"
"Francesco Jellersig (Figlio)","haTipo","Persona"
"Francesco Jellersig (Figlio)","annoDiNascita","1850"
"Francesco Jellersig (Figlio)","padre","Francesco Jellersig (Orefice)"
"Francesco Jellersig (Figlio)","madre","Francesca Simpli"
"Enrica Jellersig","haTipo","Persona"
"Enrica Jellersig","annoDiNascita","1853"
"Enrica Jellersig","padre","Francesco Jellersig (Orefice)"
"Enrica Jellersig","madre","Francesca Simpli"
"Franz Leopold Zeno Klette","coniuge","Francesca Gioseffa Jellersig"
"Leopoda Klette","haTipo","Persona"
"Leopoda Klette","annoDiNascita","1873"
"Leopoda Klette","padre","Franz Leopold Zeno Klette"
"Leopoda Klette","madre","Francesca Gioseffa Jellersig"
"Karl Klette","haTipo","Persona"
"Karl Klette","professione","Dottore in Economia"
"Karl Klette","annoDiNascita","1875"
"Karl Klette","annoDiMorte","1956"
"Karl Klette","padre","Franz Leopold Zeno Klette"
"Karl Klette","madre","Francesca Gioseffa Jellersig"
"Maria Klette","haTipo","Persona"
"Maria Klette","titolo","Suor Maria Stanislas di M. Addolorata"
"Maria Klette","annoDiNascita","1881"
"Maria Klette","annoDiMorte","1962"
"Maria Klette","padre","Franz Leopold Zeno Klette"
"Maria Klette","madre","Francesca Gioseffa Jellersig"
"Stefania Klette","haTipo","Persona"
"Stefania Klette","titolo","Suor Lodovica - Dominicana"
"Stefania Klette","annoDiNascita","1883"
"Stefania Klette","annoDiMorte","1966"
"Stefania Klette","padre","Franz Leopold Zeno Klette"
"Stefania Klette","madre","Francesca Gioseffa Jellersig"
"Antonio Klette","haTipo","Persona"
"Antonio Klette","annoDiMorte","1896"
"Antonio Klette","padre","Franz Leopold Zeno Klette"
"Antonio Klette","madre","Francesca Gioseffa Jellersig"
"Gioseffa Klette","haTipo","Persona"
"Gioseffa Klette","annoDiMorte","1920"
"Gioseffa Klette","padre","Franz Leopold Zeno Klette"
"Gioseffa Klette","madre","Francesca Gioseffa Jellersig"
"Amalia Klette","haTipo","Persona"
"Amalia Klette","annoDiMorte","1924"
"Amalia Klette","padre","Franz Leopold Zeno Klette"
"Amalia Klette","madre","Francesca Gioseffa Jellersig"
"Francesco Klette","haTipo","Persona"
"Francesco Klette","padre","Franz Leopold Zeno Klette"
"Francesco Klette","madre","Francesca Gioseffa Jellersig"
